roman,target,freq,freq_lang,category,status,notes
gomrong,គម្រង,2,km,unclassified,approved,
gomrong,គម្រោង,2227,km,unclassified,approved,
gomrouk,គម្រក់,2,km,unclassified,approved,
gomruok,គម្រក់,2,km,unclassified,approved,
gon,គណ,82,km,unclassified,approved,
gon,គន,3,km,unclassified,approved,
gonabak,គណបក្ស,22,km,unclassified,approved,
gonakmebroyouk,គណៈមេប្រយោគ,1,km,unclassified,approved,
gong,គង,56,km,unclassified,approved,
gong,គង់,667,km,unclassified,approved,
gongkea,គង្គា,6,km,unclassified,approved,
gongkean,គង្គាន,1,km,unclassified,approved,
gongkuon,គង្គួន,1,km,unclassified,approved,
gongnov,គង់នៅ,1,km,unclassified,approved,
gongpisei,គងពិសី,1,km,unclassified,approved,
gongtae,គង់តែ,9,km,unclassified,approved,
gongveal,គង្វាល,17,km,unclassified,approved,
gongvong,គង់វង្ស,1,km,unclassified,approved,
gonkur,គន់គូរ,1,km,unclassified,approved,
gonleak,គន្លាក់,6,km,unclassified,approved,
gonleakaaacham,គន្លាក់អាចម៍,1,km,unclassified,approved,
gonleakach,គន្លាក់អាចម៍,1,km,unclassified,approved,
gonleakknlaun,គន្លាក់គន្លើន,1,km,unclassified,approved,
gonleakoaachom,គន្លាក់អាចម៍,1,km,unclassified,approved,
gonleas,គន្លាស់,1,km,unclassified,approved,
gonleasknloung,គន្លាស់គន្លោង,1,km,unclassified,approved,
gonleuh,គន្លឹះ,183,km,unclassified,approved,
gonlikgonleak,គន្លិកគន្លាក់,1,km,unclassified,approved,
gonlikgunleak,គន្លិកគន្លាក់,1,km,unclassified,approved,
gonlikkonleak,គន្លិកគន្លាក់,1,km,unclassified,approved,
gonloas,គន្លាស់,1,km,unclassified,approved,
gonloasknloung,គន្លាស់គន្លោង,1,km,unclassified,approved,
gonlong,គន្លង,255,km,unclassified,approved,
gonlors,គន្លាស់,1,km,unclassified,approved,
gonlorsknloung,គន្លាស់គន្លោង,1,km,unclassified,approved,
gonloung,គន្លោង,1,km,unclassified,approved,
gonlueeah,គន្លឹះ,183,km,unclassified,approved,
gonlueh,គន្លឹះ,183,km,unclassified,approved,
gonokur,គន់គូរ,1,km,unclassified,approved,
gontheak,គន្ថៈ,1,km,unclassified,approved,
gonthei,គណ្ឋី,1,km,unclassified,approved,
gonthob,គន្ធព្វ,1,km,unclassified,approved,
gonthop,គន្ធព្វ,1,km,unclassified,approved,
gonthorachana,គន្ថរចនា,1,km,unclassified,approved,
gonthorachanachar,គន្ថរចនាចារ្យ,1,km,unclassified,approved,
gonthorachonachar,គន្ថរចនាចារ្យ,1,km,unclassified,approved,
gonthorochana,គន្ថរចនា,1,km,unclassified,approved,
gonthothureak,គន្ថធុរៈ,1,km,unclassified,approved,
gophr,គភ៌,63,km,unclassified,approved,
gor,គភ៌,63,km,unclassified,approved,
gor,គរ,463,km,unclassified,approved,
gorbbei,គប្បី,71,km,unclassified,approved,
gork,គក,17,km,unclassified,approved,
gormtror,គាំទ្រ,8522,km,unclassified,approved,
gorob,គោរព,575,km,unclassified,approved,
gorop,គោរព,575,km,unclassified,approved,
goroha,គរហា,1,km,unclassified,approved,
gorokouk,គរគោក,1,km,unclassified,approved,
gors,គាស់,211,km,unclassified,approved,
gort,គាត់,12213,km,unclassified,approved,
goru,គរុ,1,km,unclassified,approved,
gorukaosal,គរុកោសល្យ,1,km,unclassified,approved,
gorukaosol,គរុកោសល្យ,1,km,unclassified,approved,
goruphondar,គរុភណ្ឌ,1,km,unclassified,approved,
goruphondor,គរុភណ្ឌ,1,km,unclassified,approved,
gorusers,គរុសិស្ស,4,km,unclassified,approved,
gorutous,គរុទោស,1,km,unclassified,approved,
goruvichea,គរុវិជ្ជា,1,km,unclassified,approved,
got,គត់,406,km,unclassified,approved,
got,គាត់,12213,km,unclassified,approved,
gotamot,គត់មត់,1,km,unclassified,approved,
gotmot,គត់មត់,1,km,unclassified,approved,
gotomot,គត់មត់,1,km,unclassified,approved,
gouba,គោបា,1,km,unclassified,approved,
goubal,គោបាល,1,km,unclassified,approved,
gouchar,គោចរ,32,km,unclassified,approved,
gouchhmat,គោឆ្មាត់,1,km,unclassified,approved,
gouchor,គោចរ,32,km,unclassified,approved,
gouhie,គោហៀ,1,km,unclassified,approved,
gouhmar,គោហ្ម,1,km,unclassified,approved,
gouhmor,គោហ្ម,1,km,unclassified,approved,
gouk,គក់,78,km,unclassified,approved,
goukheatak,គោឃាតក៍,1,km,unclassified,approved,
goukheatdthan,គោឃាតដ្ឋាន,1,km,unclassified,approved,
goukheatkamm,គោឃាតកម្ម,1,km,unclassified,approved,
goukheatkomm,គោឃាតកម្ម,1,km,unclassified,approved,
goukheatok,គោឃាតក៍,1,km,unclassified,approved,
goukheatsthan,គោឃាតស្ថាន,1,km,unclassified,approved,
goukhmear,គោខ្មែរ,1,km,unclassified,approved,
goulbamnang,គោលបំណង,1,km,unclassified,approved,
goulbamnong,គោលបំណង,1,km,unclassified,approved,
goulbay,គោល្បាយ,1,km,unclassified,approved,
goulcharuek,គោលចារឹក,1,km,unclassified,approved,
goulka,គោលការណ៍,266,km,unclassified,approved,
goulout,គោលោត,1,km,unclassified,approved,
goum,គោម,18,km,unclassified,approved,
goum,គោម៉,1,km,unclassified,approved,
goumey,គោម័យ,1,km,unclassified,approved,
goumhaoh,គោមហោះ,1,km,unclassified,approved,
goumhoul,គោមហូល,1,km,unclassified,approved,
goumpuosthlan,គោមពស់ថ្លាន់,1,km,unclassified,approved,
goumuoy,គោមួយ,7,km,unclassified,approved,
goumutrar,គោមូត្រ,1,km,unclassified,approved,
goumutror,គោមូត្រ,1,km,unclassified,approved,
goung,គោង,1,km,unclassified,approved,
goung,គោងៗ,1,km,unclassified,approved,
gouprey,គោព្រៃ,1,km,unclassified,approved,
goupros,គោព្រោះ,1,km,unclassified,approved,
gour,គួរ,12496,km,unclassified,approved,
goureat,គោរាត,1,km,unclassified,approved,
gourkkha,គោរក្ខា,1,km,unclassified,approved,
gourkkhakamm,គោរក្ខកម្ម,1,km,unclassified,approved,
gourkkhokomm,គោរក្ខកម្ម,1,km,unclassified,approved,
gourmongea,គោរមងារ,1,km,unclassified,approved,
gourmongear,គោរមងារ,1,km,unclassified,approved,
gourom,គោរម,1,km,unclassified,approved,
gouros,គោរស,1,km,unclassified,approved,
gousiem,គោសៀម,1,km,unclassified,approved,
gout,គោត,1,km,unclassified,approved,
goutam,គោតម,1,km,unclassified,approved,
gouteavori,គោទាវរី,1,km,unclassified,approved,
gouthik,គោធិក,1,km,unclassified,approved,
goutmokoutt,គោតមគោត្ត,1,km,unclassified,approved,
goutmoputth,គោតមពុទ្ធ,1,km,unclassified,approved,
goutom,គោតម,1,km,unclassified,approved,
goutrakoul,គោត្រកូល,1,km,unclassified,approved,
goutraphu,គោត្រភូ,1,km,unclassified,approved,
goutrar,គោត្រ,1,km,unclassified,approved,
goutrokoul,គោត្រកូល,1,km,unclassified,approved,
goutrophu,គោត្រភូ,1,km,unclassified,approved,
goutror,គោត្រ,1,km,unclassified,approved,
goutrphunhean,គោត្រភូញាណ,1,km,unclassified,approved,
goutrphusang,គោត្រភូសង្ឃ,1,km,unclassified,approved,
goutrphusong,គោត្រភូសង្ឃ,1,km,unclassified,approved,
goutt,គោត្ត,1,km,unclassified,approved,
gouttaneam,គោត្តនាម,1,km,unclassified,approved,
gouttoneam,គោត្តនាម,1,km,unclassified,approved,
gouvott,គោវត្ត,1,km,unclassified,approved,
gouyon,គោយន្ត,12,km,unclassified,approved,
goy,គយ,137,km,unclassified,approved,
goyokhloam,គយឃ្លាំ,1,km,unclassified,approved,
goyokon,គយគន់,1,km,unclassified,approved,
grade,និទ្ទេស,49,km,unclassified,approved,
gram,ក្រាម,939,km,unclassified,approved,
granber,គ្រាន់បើ,1,km,unclassified,approved,
grantae,គ្រាន់តែ,63,km,unclassified,approved,
graul,គ្រើល,2,km,unclassified,approved,
graum,គ្រើម,12,km,unclassified,approved,
gre,គ្រែ,282,km,unclassified,approved,
grea,គ្រា,306,km,unclassified,approved,
greae,គ្រែ,282,km,unclassified,approved,
greaeah,គ្រាះ,1,km,unclassified,approved,
greaeng,គ្រែង,1,km,unclassified,approved,
greah,គ្រាហ៍,1,km,unclassified,approved,
greak,គ្រាក,1,km,unclassified,approved,
greak,គ្រាក់,2,km,unclassified,approved,
greak,គ្រាក់ៗ,1,km,unclassified,approved,
gream,គ្រាម,3,km,unclassified,approved,
greamani,គ្រាមណី,1,km,unclassified,approved,
greames,គ្រាមេស,1,km,unclassified,approved,
greamnei,គ្រាមណី,1,km,unclassified,approved,
greamomuk,គ្រាមមុខ,1,km,unclassified,approved,
greampheasa,គ្រាមភាសា,1,km,unclassified,approved,
greamphouchok,គ្រាមភោជក,1,km,unclassified,approved,
greang,គ្រាង,1,km,unclassified,approved,
greang,គ្រាំងៗ,1,km,unclassified,approved,
greas,គ្រាស,33,km,unclassified,approved,
greav,គ្រាវ,1,km,unclassified,approved,
grech,គ្រេច,13,km,unclassified,approved,
greece,ក្រិក,1,km,unclassified,approved,
grenada,ហ្គ្រេណាដា,1,km,unclassified,approved,
greng,គ្រេង,1,km,unclassified,approved,
greng,គ្រែង,1,km,unclassified,approved,
grerl,គ្រើល,2,km,unclassified,approved,
grerm,គ្រើម,12,km,unclassified,approved,
grerng,គ្រឿង,3935,km,unclassified,approved,
grers,គ្រឹះ,389,km,unclassified,approved,
grirs,គ្រឹះ,389,km,unclassified,approved,
greung,គ្រឿង,3935,km,unclassified,approved,
greungnhean,គ្រឿងញៀន,67,km,unclassified,approved,
greungnhien,គ្រឿងញៀន,67,km,unclassified,approved,
grib,គ្រីប,1,km,unclassified,approved,
grich,គ្រិចៗ,1,km,unclassified,approved,
gries,គ្រៀស,1,km,unclassified,approved,
griev,គ្រៀវ,5,km,unclassified,approved,
gristsakareach,គ្រិស្តសករាជ,1,km,unclassified,approved,
grissakaraj,គ្រិស្តសករាជ,1,km,unclassified,approved,
gritkreat,គ្រីតគ្រាត,1,km,unclassified,approved,
groab,គ្រាប់,7483,km,unclassified,approved,
groam,គ្រាំ,26,km,unclassified,approved,
groamrea,គ្រាំគ្រា,1,km,unclassified,approved,
groangrob,គ្រាន់គ្រប់,1,km,unclassified,approved,
groantae,គ្រាន់តែ,63,km,unclassified,approved,
grob,គោរព,575,km,unclassified,approved,
grob,គ្រប,213,km,unclassified,approved,
grob,គ្រប់,10933,km,unclassified,approved,
grobathmenhchhau,គ្របធ្មេញឈើ,1,km,unclassified,approved,
grobbaek,គ្រាប់បែក,1,km,unclassified,approved,
grobbeak,គ្រាប់បែក,1,km,unclassified,approved,
grobkrong,គ្របគ្រង,2,km,unclassified,approved,
grobothmenhchhau,គ្របធ្មេញឈើ,1,km,unclassified,approved,
grobtae,គ្រប់តែ,2,km,unclassified,approved,
grobte,គ្រប់តែ,2,km,unclassified,approved,
grochiv,គ្រជីវ,1,km,unclassified,approved,
grochoam,គ្រជាំ,1,km,unclassified,approved,
grochueb,គ្រជឹប,1,km,unclassified,approved,
grochuebkrochiv,គ្រជឹបគ្រជីវ,1,km,unclassified,approved,
grochuebkrochuoch,គ្រជឹបគ្រជួច,1,km,unclassified,approved,
grochur,គ្រជូរ,1,km,unclassified,approved,
groean,គ្រឿន,6,km,unclassified,approved,
groeangnhien,គ្រឿងញៀន,67,km,unclassified,approved,
groengnhien,គ្រឿងញៀន,67,km,unclassified,approved,
groeun,គ្រឿន,6,km,unclassified,approved,
groeungnhean,គ្រឿងញៀន,67,km,unclassified,approved,
grohaem,គ្រហែម,1,km,unclassified,approved,
grohaet,គ្រហែត,1,km,unclassified,approved,
grohaeu,គ្រហើ,1,km,unclassified,approved,
grohanh,គ្រហាញ,1,km,unclassified,approved,
grohar,គ្រហរ,1,km,unclassified,approved,
grohasthar,គ្រហស្ថ,1,km,unclassified,approved,
groheit,គ្រហីត,1,km,unclassified,approved,
grohekkrohok,គ្រហិកគ្រហុក,1,km,unclassified,approved,
grohob,គ្រហុប,1,km,unclassified,approved,
grohoch,គ្រហុច,1,km,unclassified,approved,
grohoem,គ្រហឹម,1,km,unclassified,approved,
grohor,គ្រហរ,1,km,unclassified,approved,
grohosthor,គ្រហស្ថ,1,km,unclassified,approved,
grohou,គ្រហូ,1,km,unclassified,approved,
grohuob,គ្រហួប,1,km,unclassified,approved,
grohuoch,គ្រហួច,1,km,unclassified,approved,
grohuong,គ្រហួង,1,km,unclassified,approved,
grok,គ្រក,1,km,unclassified,approved,
grok,គ្រក់,1,km,unclassified,approved,
grok,គ្រក់ៗ,1,km,unclassified,approved,
grok,គ្រកៗ,1,km,unclassified,approved,
grolaeng,គ្រលែង,1,km,unclassified,approved,
grolaengvaek,គ្រលែងវែក,1,km,unclassified,approved,
grolengkroloung,គ្រលេងគ្រលោង,1,km,unclassified,approved,
grolev,គ្រលេវ,1,km,unclassified,approved,
grolies,គ្រលៀស,1,km,unclassified,approved,
groliev,គ្រលៀវ,1,km,unclassified,approved,
grolit,គ្រលីត,1,km,unclassified,approved,
grolong,គ្រលង់,1,km,unclassified,approved,
grolor,គ្រលរ,1,km,unclassified,approved,
grolos,គ្រលស,1,km,unclassified,approved,
groluk,គ្រលុក,1,km,unclassified,approved,
groluoch,គ្រលួច,1,km,unclassified,approved,
groluong,គ្រលួង,1,km,unclassified,approved,
gromaum,គ្រមើម,1,km,unclassified,approved,
gromeak,គ្រមាក,1,km,unclassified,approved,
gromeam,គ្រមាម,1,km,unclassified,approved,
gromeang,គ្រមាំង,1,km,unclassified,approved,
gromeanh,គ្រមាញ,1,km,unclassified,approved,
gromingkromeang,គ្រមិងគ្រមាំង,1,km,unclassified,approved,
gromol,គ្រមល់,1,km,unclassified,approved,
gromor,គ្រមរ,1,km,unclassified,approved,
gron,គ្រាន់,3512,km,unclassified,approved,
grong,គ្រង,2391,km,unclassified,approved,
grong,គ្រង់,21,km,unclassified,approved,
grong,គ្រោង,1134,km,unclassified,approved,
grongreach,គ្រងរាជ្យ,1,km,unclassified,approved,
gronhaeng,គ្រញែង,1,km,unclassified,approved,
gronhich,គ្រញិច,1,km,unclassified,approved,
gronhuek,គ្រញឹក,1,km,unclassified,approved,
gronhung,គ្រញូង,1,km,unclassified,approved,
gror,គ្រ,84,km,unclassified,approved,
grorb,គ្រាប់,7483,km,unclassified,approved,
grorn,គ្រាន់,3512,km,unclassified,approved,
grorngrob,គ្រាន់គ្រប់,1,km,unclassified,approved,
grorntae,គ្រាន់តែ,63,km,unclassified,approved,
grosaet,គ្រស៊ែត,1,km,unclassified,approved,
grosthnak,គ្រោះថ្នាក់,2,km,unclassified,approved,
grouh,គ្រោះ,4634,km,unclassified,approved,
grous,គ្រោះ,4634,km,unclassified,approved,
grousa,គ្រួសារ,4586,km,unclassified,approved,
grout,គ្រោត,1,km,unclassified,approved,
grovaeng,គ្រវែង,1,km,unclassified,approved,
groveas,គ្រវាស,1,km,unclassified,approved,
groveat,គ្រវាត់,1,km,unclassified,approved,
grovi,គ្រវី,7,km,unclassified,approved,
groviech,គ្រវៀច,1,km,unclassified,approved,
grovien,គ្រវៀន,1,km,unclassified,approved,
grovis,គ្រវីស,1,km,unclassified,approved,
gru,គ្រូ,3300,km,unclassified,approved,
grub,គ្រប់,10933,km,unclassified,approved,
grub,គ្រុប,97,km,unclassified,approved,
grubangverk,គ្រូបង្វឹក,403,km,unclassified,approved,
grubathyeay,គ្រូបាធ្យាយ,1,km,unclassified,approved,
grubongkoul,គ្រូបង្គោល,4,km,unclassified,approved,
grubongrean,គ្រូបង្រៀន,83,km,unclassified,approved,
grubongvuek,គ្រូបង្វឹក,403,km,unclassified,approved,
grud,គ្រុឌ,7,km,unclassified,approved,
grueb,គ្រឹប,1,km,unclassified,approved,
grueeah,គ្រឹះ,389,km,unclassified,approved,
grueeahsthan,គ្រឹះស្ថាន,1,km,unclassified,approved,
grueha,គ្រឹហា,1,km,unclassified,approved,
gruehaveas,គ្រឹហាវាស,1,km,unclassified,approved,
gruek,គ្រឹកៗ,1,km,unclassified,approved,
gruem,គ្រឹមៗ,1,km,unclassified,approved,
grueut,គ្រឺតៗ,1,km,unclassified,approved,
gruh,គ្រុះ,1,km,unclassified,approved,
gruk,គ្រុកៗ,1,km,unclassified,approved,
gruk,គ្រូក,1,km,unclassified,approved,
grum,គ្រុម,1,km,unclassified,approved,
grum,គ្រំ,14,km,unclassified,approved,
grun,គ្រុន,318,km,unclassified,approved,
grunkdau,គ្រុនក្ដៅ,3,km,unclassified,approved,
gruo,គ្រួ,1,km,unclassified,approved,
gruob,គ្រួបៗ,1,km,unclassified,approved,
gruoh,គ្រោះជា,1,km,unclassified,approved,
grupet,គ្រូពេទ្យ,36,km,unclassified,approved,
grursa,គ្រួសារ,4586,km,unclassified,approved,
gruta,គ្រូតា,7,km,unclassified,approved,
gruthum,គ្រូធំ,50,km,unclassified,approved,
gruum,គ្រុំ,1,km,unclassified,approved,
gruy,គ្រុយ,10,km,unclassified,approved,
gu,គូ,6085,km,unclassified,approved,
gu,គូរ,617,km,unclassified,approved,
guatemala,ហ្គាតេម៉ាឡា,1,km,unclassified,approved,
guba,គុយបា,1,km,unclassified,approved,
gubota,គូ​បូតា,1,km,unclassified,approved,
guchhay,គូឆាយ,1,km,unclassified,approved,
gue,គឺ,26841,km,unclassified,approved,
guek,គឹកៗ,1,km,unclassified,approved,
guel,គឹល,1,km,unclassified,approved,
gueuchea,គឺជា,41,km,unclassified,approved,
guha,គុហា,3,km,unclassified,approved,
guinea,ហ្គីណេ,1,km,unclassified,approved,
guineabissau,ហ្គីណេ-ប៊ីសា,1,km,unclassified,approved,
guk,គុក,157,km,unclassified,approved,
guk,គុកៗ,1,km,unclassified,approved,
guk,គូក,17,km,unclassified,approved,
gukan,គូកន,2,km,unclassified,approved,
gukon,គូកន,2,km,unclassified,approved,
gul,គុល,35,km,unclassified,approved,
gulen,គូលែន,1,km,unclassified,approved,
guli,គុលី,1,km,unclassified,approved,
guli,គូលី,1,km,unclassified,approved,
gulika,គុលិកា,1,km,unclassified,approved,
gulit,គូលីត,1,km,unclassified,approved,
gum,គំ,412,km,unclassified,approved,
gumhaet,គំហែត,1,km,unclassified,approved,
gumhak,គំហក,5,km,unclassified,approved,
gumhat,គំហាត់,1,km,unclassified,approved,
gumhoen,គំហឹន,1,km,unclassified,approved,
gumhok,គំហក,5,km,unclassified,approved,
gumhok,គំហុក,62,km,unclassified,approved,
gumleat,គំលាត,9,km,unclassified,approved,
gumneab,គំនាប,2,km,unclassified,approved,
gumneab,គំនាប់,2,km,unclassified,approved,
gumneak,គំនាក់,1,km,unclassified,approved,
gumneal,គំនាល់,1,km,unclassified,approved,
gumneas,គំនាស់,1,km,unclassified,approved,
gumneat,គំនាត,1,km,unclassified,approved,
gumnet,គំនិត,1046,km,unclassified,approved,
gumnit,គំនិត,1046,km,unclassified,approved,
gumnok,គំនក់,1,km,unclassified,approved,
gumnom,គំនម,1,km,unclassified,approved,
gumnon,គំនន់,1,km,unclassified,approved,
gumnong,គំនង,1,km,unclassified,approved,
gumnong,គំនង់,1,km,unclassified,approved,
gumnor,គំនរ,2,km,unclassified,approved,
gumnorm,គំនម,1,km,unclassified,approved,
gumnou,គំនូរ,201,km,unclassified,approved,
gumnu,គំនូរ,201,km,unclassified,approved,
gumnum,គំនុំ,50,km,unclassified,approved,
gumnuob,គំនួប,1,km,unclassified,approved,
gumnuoh,គំនោះ,1,km,unclassified,approved,
gumnuor,គំនួរ,1,km,unclassified,approved,
gumnus,គំនូស,16,km,unclassified,approved,
gumphi,គម្ភីរ,1,km,unclassified,approved,
gumpor,គុម្ព,22,km,unclassified,approved,
gumpout,គុម្ពោត,1,km,unclassified,approved,
gumrauy,គំរើយ,1,km,unclassified,approved,
gumream,គំរាម,300,km,unclassified,approved,
gumrech,គំរេច,1,km,unclassified,approved,
gumrol,គំរល,1,km,unclassified,approved,
gumrong,គម្រោង,2227,km,unclassified,approved,
gumrong,គំរង់,1,km,unclassified,approved,
gumroung,គំរោង,39,km,unclassified,approved,
gumru,គំរូ,273,km,unclassified,approved,
gumruel,គំរឹល,1,km,unclassified,approved,
gumruoh,គំរោះ,1,km,unclassified,approved,
gumruok,គម្រក់,2,km,unclassified,approved,
gun,គន់,692,km,unclassified,approved,
gun,គុណ,1711,km,unclassified,approved,
gunapheap,គុណភាព,1056,km,unclassified,approved,
gunathor,គុណធម៌,5,km,unclassified,approved,
gunbrayouch,គុណប្រយោជន៍,30,km,unclassified,approved,
gunbroyouch,គុណប្រយោជន៍,30,km,unclassified,approved,
gung,គង់,667,km,unclassified,approved,
gunleuh,គន្លឹះ,183,km,unclassified,approved,
gunothoa,គុណធម៌,5,km,unclassified,approved,
gunothor,គុណធម៌,5,km,unclassified,approved,
gunpheap,គុណភាព,1056,km,unclassified,approved,
gunthor,គន្ធ,168,km,unclassified,approved,
gunvibat,គុណវិបត្តិ,10,km,unclassified,approved,
guob,គួប,92,km,unclassified,approved,
guobphsam,គួបផ្សំ,6,km,unclassified,approved,
guoh,គោះ,68,km,unclassified,approved,
guohpleak,គោះពព្លាក់,1,km,unclassified,approved,
guor,គួរ,12496,km,unclassified,approved,
guoriyer,គួរីយេរ,1,km,unclassified,approved,
guorkobbei,គួរគប្បី,22,km,unclassified,approved,
guorona,គួរណា,8,km,unclassified,approved,
guoronea,គួរនា,1,km,unclassified,approved,
guoryor,គួរឲ្យ,24,km,unclassified,approved,
gur,គួរ,12496,km,unclassified,approved,
gus,គូស,115,km,unclassified,approved,
gusneh,គូស្នេហ៍,267,km,unclassified,approved,
gut,គុត,1,km,unclassified,approved,
gut,គូទ,81,km,unclassified,approved,
guth,គូថ,7,km,unclassified,approved,
gutolan,គូទឡាន,2,km,unclassified,approved,
guum,គុំ,20,km,unclassified,approved,
guwait,គុយវ៉ែត,1,km,unclassified,approved,
guy,គុយ,70,km,unclassified,approved,
guyana,ហ្គីយ៉ាណា,1,km,unclassified,approved,
guyheak,គុយ្ហៈ,1,km,unclassified,approved,
guyteav,គុយទាវ,1,km,unclassified,approved,
gveam,គ្វាម,1,km,unclassified,approved,
h,ហ,1,km,unclassified,approved,
h,ហ៊,1,km,unclassified,approved,
ha,ហា,1971,km,unclassified,approved,
haaeu,ហាអឺៗ,1,km,unclassified,approved,
hab,ហាប,1,km,unclassified,approved,
hab,ហ៊ប,1,km,unclassified,approved,
habb,ហាប់,80,km,unclassified,approved,
hachh,ហាច់,1,km,unclassified,approved,
hachhchea,ហាច់ជា,1,km,unclassified,approved,
hadak,ហាដក,1,km,unclassified,approved,
haddachaoraka,ហដ្ដចោរក,1,km,unclassified,approved,
haddachaorika,ហដ្ដចោរិកា,1,km,unclassified,approved,
haddavileaseni,ហដ្ដវិលាសិនី,1,km,unclassified,approved,
hadok,ហាដក,1,km,unclassified,approved,
hadork,ហាដក,1,km,unclassified,approved,
hadthachett,ហដ្ឋចិត្ត,1,km,unclassified,approved,
hae,ហេ,345,km,unclassified,approved,
hae,ហែ,186,km,unclassified,approved,
hae,ហ៊ែ,1,km,unclassified,approved,
haeah,ហែះ,1,km,unclassified,approved,
haeah,ហ៊ែះ,1,km,unclassified,approved,
haeak,ហេៈ,1,km,unclassified,approved,
haeak,ហ៊ែៈ,1,km,unclassified,approved,
haeb,ហែប,1,km,unclassified,approved,
haebhaeb,ហេបៗ,1,km,unclassified,approved,
haedtaemak,ហេដ្ឋិម,1,km,unclassified,approved,
haedtemak,ហេដ្ឋិម,1,km,unclassified,approved,
haedthaemak,ហេដ្ឋិម,1,km,unclassified,approved,
haedthemak,ហេដ្ឋិម,1,km,unclassified,approved,
haeh,ហេៈហ៏,1,km,unclassified,approved,
haeh,ហែះ,1,km,unclassified,approved,
haeh,ហែៈហ៏,1,km,unclassified,approved,
haeh,ហ៊ែះ,1,km,unclassified,approved,
haeha,ហេហា,1,km,unclassified,approved,
haehae,ហេះៗ,1,km,unclassified,approved,
haehai,ហែហៃ,1,km,unclassified,approved,
haehay,ហែហៃ,1,km,unclassified,approved,
haehom,ហែហម,1,km,unclassified,approved,
haehorm,ហែហម,1,km,unclassified,approved,
haehouch,ហែហួច,1,km,unclassified,approved,
haehuoch,ហែហួច,1,km,unclassified,approved,
haek,ហែក,90,km,unclassified,approved,
haelhal,ហេលហាល,1,km,unclassified,approved,
haelhal,ហែលហល,1,km,unclassified,approved,
haelhol,ហេលហល,1,km,unclassified,approved,
haelhol,ហែលហល,1,km,unclassified,approved,
haelhorl,ហេលហល,1,km,unclassified,approved,
haem,ហេម,4,km,unclassified,approved,
haem,ហែម,24,km,unclassified,approved,
haemakvaon,ហេមវ័ន្ត,1,km,unclassified,approved,
haemakvoan,ហេមវ័ន្ត,1,km,unclassified,approved,
haemakvorn,ហេមវ័ន្ត,1,km,unclassified,approved,
haematri,ហេមាទ្រិ,1,km,unclassified,approved,
haematry,ហេមាទ្រិ,1,km,unclassified,approved,
haemavaon,ហេមវ័ន្ត,1,km,unclassified,approved,
haemavoan,ហេមវ័ន្ត,1,km,unclassified,approved,
haemavorn,ហេមវ័ន្ត,1,km,unclassified,approved,
haembopean,ហេម្បូពាន្ត,1,km,unclassified,approved,
haembopien,ហេម្បូពាន្ត,1,km,unclassified,approved,
haembupean,ហេម្បូពាន្ត,1,km,unclassified,approved,
haembupien,ហេម្បូពាន្ត,1,km,unclassified,approved,
haemeatri,ហេមាទ្រិ,1,km,unclassified,approved,
haemeatry,ហេមាទ្រិ,1,km,unclassified,approved,
haemon,ហេមន្ត,1,km,unclassified,approved,
haempean,ហេមពាន្ត,1,km,unclassified,approved,
haempein,ហេមពាន្ត,1,km,unclassified,approved,
haempien,ហេមពាន្ត,1,km,unclassified,approved,
haemvaon,ហេមវ័ន្ត,1,km,unclassified,approved,
haemvaot,ហេមវ័ត,1,km,unclassified,approved,
haemvatei,ហេមវតី,1,km,unclassified,approved,
haemvatey,ហេមវតី,1,km,unclassified,approved,
haemvoan,ហេមវ័ន្ត,1,km,unclassified,approved,
haemvoat,ហេមវ័ត,1,km,unclassified,approved,
haemvorn,ហេមវ័ន្ត,1,km,unclassified,approved,
haemvort,ហេមវ័ត,1,km,unclassified,approved,
haemvotei,ហេមវតី,1,km,unclassified,approved,
haemvotey,ហេមវតី,1,km,unclassified,approved,
haeng,ហេង,421,km,unclassified,approved,
haeng,ហែង,42,km,unclassified,approved,
haeng,អ្ហែង,1,km,unclassified,approved,
haenghang,ហេងហាង,1,km,unclassified,approved,
haenh,ហេញ,1,km,unclassified,approved,
haeranhnheuk,ហេរញ្ញិក,1,km,unclassified,approved,
haeranhnhika,ហេរញ្ញិកា,1,km,unclassified,approved,
haeranhnhirk,ហេរញ្ញិក,1,km,unclassified,approved,
haeranhnhuek,ហេរញ្ញិក,1,km,unclassified,approved,
haerik,ហេរិក,1,km,unclassified,approved,
haerika,ហេរិកា,1,km,unclassified,approved,
haet,ហេតុ,6408,km,unclassified,approved,
haetbachchai,ហេតុបច្ច័យ,1,km,unclassified,approved,
haetbachjai,ហេតុបច្ច័យ,1,km,unclassified,approved,
haetbajchai,ហេតុបច្ច័យ,1,km,unclassified,approved,
haetbajjai,ហេតុបច្ច័យ,1,km,unclassified,approved,
haetka,ហេតុការណ៍,870,km,unclassified,approved,
haetpachchai,ហេតុបច្ច័យ,1,km,unclassified,approved,
haetpachjai,ហេតុបច្ច័យ,1,km,unclassified,approved,
haetpajchai,ហេតុបច្ច័យ,1,km,unclassified,approved,
haetpajjai,ហេតុបច្ច័យ,1,km,unclassified,approved,
haetphet,ហេតុភេទ,1,km,unclassified,approved,
haeu,ហាអឺៗ,1,km,unclassified,approved,
haeub,ហើប,1,km,unclassified,approved,
haeum,ហើម,248,km,unclassified,approved,
haeumsrok,ហើមស្រក,1,km,unclassified,approved,
haeumsrork,ហើមស្រក,1,km,unclassified,approved,
haeur,ហើរ,420,km,unclassified,approved,
haeuy,ហើយ,40249,km,unclassified,approved,
haeuy,ហ៊ើយ,1,km,unclassified,approved,
haev,ហេវ,8,km,unclassified,approved,
haeyak,ហេៈ,1,km,unclassified,approved,
haeyak,ហ៊ែៈ,1,km,unclassified,approved,
hah,ហាស,8,km,unclassified,approved,
haha,ហាហា,2,km,unclassified,approved,
hahhai,ហាសហាយ,1,km,unclassified,approved,
hahhay,ហាសហាយ,1,km,unclassified,approved,
hahheuy,ហាសហឺយ,1,km,unclassified,approved,
hahmok,ហហ្មុក,1,km,unclassified,approved,
hai,ហៃ,165,km,unclassified,approved,
haiaer,ហៃអើ,1,km,unclassified,approved,
haiau,ហៃអើ,1,km,unclassified,approved,
haimakpor,ហៃមពណ៌,1,km,unclassified,approved,
haimakvatei,ហៃមវតី,1,km,unclassified,approved,
haimakvatey,ហៃមវតី,1,km,unclassified,approved,
haimakvotei,ហៃមវតី,1,km,unclassified,approved,
haimakvotey,ហៃមវតី,1,km,unclassified,approved,
haimopor,ហៃមពណ៌,1,km,unclassified,approved,
haimovatei,ហៃមវតី,1,km,unclassified,approved,
haimovatey,ហៃមវតី,1,km,unclassified,approved,
haimovotei,ហៃមវតី,1,km,unclassified,approved,
haimovotey,ហៃមវតី,1,km,unclassified,approved,
hainam,ហៃណាំ,1,km,unclassified,approved,
hairik,ហៃរិក,1,km,unclassified,approved,
haisan,ហៃសាន,1,km,unclassified,approved,
haiti,ហៃទី,1,km,unclassified,approved,
hak,ហាក់ៗ,1,km,unclassified,approved,
hakk,ហាក់,2498,km,unclassified,approved,
hakk,ហៈ,1,km,unclassified,approved,
hakneiyum,ហនេយ្យុំ,1,km,unclassified,approved,
hakneyyum,ហនេយ្យុំ,1,km,unclassified,approved,
hakneyyuum,ហនេយ្យុំ,1,km,unclassified,approved,
haknu,ហនូ,1,km,unclassified,approved,
haknuman,ហនុមាន,1,km,unclassified,approved,
hakratey,ហ្ឫទ័យ,1,km,unclassified,approved,
hakrortei,ហឫទ័យ,1,km,unclassified,approved,
hakrortey,ហឫទ័យ,1,km,unclassified,approved,
hakrotey,ហ្ឫទ័យ,1,km,unclassified,approved,
hakrytei,ហឫទ័យ,1,km,unclassified,approved,
hakrytey,ហឫទ័យ,1,km,unclassified,approved,
hakrytey,ហ្ឫទ័យ,1,km,unclassified,approved,
haksanei,ហសនីយ,1,km,unclassified,approved,
haksaniy,ហសនីយ,1,km,unclassified,approved,
hakseka,ហសិកា,1,km,unclassified,approved,
hakset,ហសិត,1,km,unclassified,approved,
haksirt,ហសិត,1,km,unclassified,approved,
haktakeles,ហតក្កិលេស,1,km,unclassified,approved,
haktakkeles,ហតក្កិលេស,1,km,unclassified,approved,
haktei,ហទ័យ,1,km,unclassified,approved,
haktey,ហទ័យ,1,km,unclassified,approved,
hakyak,ហយៈ,1,km,unclassified,approved,
hakyeak,ហយៈ,1,km,unclassified,approved,
hal,ហាល,96,km,unclassified,approved,
haleahal,ហលាហល,1,km,unclassified,approved,
hall,ហល់,1,km,unclassified,approved,
ham,ហាម,539,km,unclassified,approved,
ham,ហំ,1,km,unclassified,approved,
hammiyak,ហម្មិយ,1,km,unclassified,approved,
han,ហាន,618,km,unclassified,approved,
han,ហ័ន,1,km,unclassified,approved,
haneiyum,ហនេយ្យុំ,1,km,unclassified,approved,
haneyyum,ហនេយ្យុំ,1,km,unclassified,approved,
haneyyuum,ហនេយ្យុំ,1,km,unclassified,approved,
hang,ហង្ស,918,km,unclassified,approved,
hang,ហាង,2247,km,unclassified,approved,
hann,ហាន់,89,km,unclassified,approved,
hanouy,ហាណូយ,91,km,unclassified,approved,
hanoy,ហាណូយ,91,km,unclassified,approved,
hanpeaki,ហានភាគី,1,km,unclassified,approved,
hanpeakini,ហានភាគិនី,1,km,unclassified,approved,
hanpheakei,ហានភាគិយ,1,km,unclassified,approved,
hanpheakey,ហានភាគិយ,1,km,unclassified,approved,
hanpheaki,ហានភាគី,1,km,unclassified,approved,
hanpheakini,ហានភាគិនី,1,km,unclassified,approved,
hanpheakiy,ហានភាគិយ,1,km,unclassified,approved,
hantaetha,ហានតែថា,1,km,unclassified,approved,
hantetha,ហានតែថា,1,km,unclassified,approved,
hantoyum,ហន្ទយុំ,1,km,unclassified,approved,
hantoyuum,ហន្ទយុំ,1,km,unclassified,approved,
hanu,ហនូ,1,km,unclassified,approved,
hanuman,ហនុមាន,1,km,unclassified,approved,
hao,ហោ,242,km,unclassified,approved,
hao,ហ៊ោ,38,km,unclassified,approved,
haoch,ហោច,564,km,unclassified,approved,
haocheang,ហោជាង,1,km,unclassified,approved,
haocheing,ហោជាង,1,km,unclassified,approved,
haochieng,ហោជាង,1,km,unclassified,approved,
haochlaonh,ហោចល្អោញ,1,km,unclassified,approved,
haochlaounh,ហោចល្អោញ,1,km,unclassified,approved,
haok,ហោក,1,km,unclassified,approved,
haol,ហោល,1,km,unclassified,approved,
haolhaol,ហោលៗ,1,km,unclassified,approved,
haom,ហោម,4,km,unclassified,approved,
haomrong,ហោមរោង,1,km,unclassified,approved,
haomroung,ហោមរោង,1,km,unclassified,approved,
haomrung,ហោមរោង,1,km,unclassified,approved,
haonang,ហោណ័ង,1,km,unclassified,approved,
haong,ហោង,18,km,unclassified,approved,
haopau,ហោប៉ៅ,8,km,unclassified,approved,
haopav,ហោប៉ៅ,8,km,unclassified,approved,
haor,ហោរ,11,km,unclassified,approved,
haora,ហោរ៉ា,1,km,unclassified,approved,
haorea,ហោរា,10,km,unclassified,approved,
haot,ហោត្រ,1,km,unclassified,approved,
haotel,ហោតិល,1,km,unclassified,approved,
haoteul,ហោតិល,1,km,unclassified,approved,
haotirl,ហោតិល,1,km,unclassified,approved,
haotrai,ហោត្រ័យ,1,km,unclassified,approved,
haotrak,ហោត្រ,1,km,unclassified,approved,
haotray,ហោត្រ័យ,1,km,unclassified,approved,
haotror,ហោត្រ,1,km,unclassified,approved,
haottrak,ហោត្រ,1,km,unclassified,approved,
haotuel,ហោតិល,1,km,unclassified,approved,
haov,ហ៊ៅ,1,km,unclassified,approved,
har,ហរ,6,km,unclassified,approved,
har,ហារ,100,km,unclassified,approved,
harak,ហរៈ,1,km,unclassified,approved,
haratey,ហ្ឫទ័យ,1,km,unclassified,approved,
hareak,ហរៈ,1,km,unclassified,approved,
haretei,ហឫទ័យ,1,km,unclassified,approved,
hari,ហរិ,1,km,unclassified,approved,
hari,ហារី,10,km,unclassified,approved,
harin,ហារិន,1,km,unclassified,approved,
harini,ហារិនី,1,km,unclassified,approved,
harirn,ហារិន,1,km,unclassified,approved,
harirt,ហរិត,1,km,unclassified,approved,
harit,ហរិត,1,km,unclassified,approved,
harital,ហរិតាល,1,km,unclassified,approved,
haritei,ហឫទ័យ,1,km,unclassified,approved,
harm,ហាម,539,km,unclassified,approved,
harotey,ហឫទ័យ,1,km,unclassified,approved,
harytey,ហឫទ័យ,1,km,unclassified,approved,
harytey,ហ្ឫទ័យ,1,km,unclassified,approved,
has,ហស,1,km,unclassified,approved,
has,ហាស,8,km,unclassified,approved,
has,ហ៊ស,1,km,unclassified,approved,
hasanah,ហសន,1,km,unclassified,approved,
hasanea,ហសនា,1,km,unclassified,approved,
hasaneak,ហសនៈ,1,km,unclassified,approved,
hasanei,ហសនីយ,1,km,unclassified,approved,
hasanei,ហាសនីយ,1,km,unclassified,approved,
hasaney,ហាសនីយ,1,km,unclassified,approved,
hasaniy,ហសនីយ,1,km,unclassified,approved,
hasaniy,ហាសនីយ,1,km,unclassified,approved,
hasano,ហសនោ,1,km,unclassified,approved,
hasanou,ហសនោ,1,km,unclassified,approved,
hasanu,ហសនោ,1,km,unclassified,approved,
hasaphibrai,ហសាភិប្រាយ,1,km,unclassified,approved,
hasaphibray,ហសាភិប្រាយ,1,km,unclassified,approved,
hasapibrai,ហសាភិប្រាយ,1,km,unclassified,approved,
hasapibray,ហសាភិប្រាយ,1,km,unclassified,approved,
hasdar,ហស្ត,1,km,unclassified,approved,
hasden,ហស្ដិន,1,km,unclassified,approved,
hasdirn,ហស្ដិន,1,km,unclassified,approved,
haseb,ហាសិប,1,km,unclassified,approved,
haseka,ហសិកា,1,km,unclassified,approved,
haset,ហសិត,1,km,unclassified,approved,
haseub,ហាសិប,1,km,unclassified,approved,
hashai,ហាសហាយ,1,km,unclassified,approved,
hashay,ហាសហាយ,1,km,unclassified,approved,
hasheuy,ហាសហឺយ,1,km,unclassified,approved,
hasirb,ហាសិប,1,km,unclassified,approved,
hasirt,ហសិត,1,km,unclassified,approved,
hasonei,ហាសនីយ,1,km,unclassified,approved,
hasoney,ហាសនីយ,1,km,unclassified,approved,
hasoniy,ហាសនីយ,1,km,unclassified,approved,
hastar,ហស្ត,1,km,unclassified,approved,
hat,ហត្ថ,279,km,unclassified,approved,
hatakkeles,ហតក្កិលេស,1,km,unclassified,approved,
hatei,ហទ័យ,1,km,unclassified,approved,
hatei,ហឫទ័យ,1,km,unclassified,approved,
hatey,ហទ័យ,1,km,unclassified,approved,
hatey,ហឫទ័យ,1,km,unclassified,approved,
hath,ហត្ថ,279,km,unclassified,approved,
hatha,ហត្ថា,38,km,unclassified,approved,
hathabas,ហត្ថបាស,1,km,unclassified,approved,
hathakamm,ហត្ថកម្ម,8,km,unclassified,approved,
hathalekha,ហត្ថលេខា,9,km,unclassified,approved,
hathaong,ហាត់ហោង,1,km,unclassified,approved,
hathaong,ហ័តហោង,1,km,unclassified,approved,
hathavityea,ហឋវិទ្យា,1,km,unclassified,approved,
hathayok,ហឋយោគ,1,km,unclassified,approved,
hathayouk,ហឋយោគ,1,km,unclassified,approved,
hathebal,ហត្ថិបាល,1,km,unclassified,approved,
hathei,ហត្ថី,1,km,unclassified,approved,
hathekobakak,ហត្ថិគោបក,1,km,unclassified,approved,
hathekobakk,ហត្ថិគោបក,1,km,unclassified,approved,
hathekobeka,ហត្ថិគោបិកា,1,km,unclassified,approved,
hathekobokk,ហត្ថិគោបក,1,km,unclassified,approved,
hathekoubakak,ហត្ថិគោបក,1,km,unclassified,approved,
hathekoubeka,ហត្ថិគោបិកា,1,km,unclassified,approved,
hatheling,ហត្ថិលិង្គ,1,km,unclassified,approved,
hathelirng,ហត្ថិលិង្គ,1,km,unclassified,approved,
hathemearok,ហត្ថិមារក,1,km,unclassified,approved,
hathemearuk,ហត្ថិមារក,1,km,unclassified,approved,
hatheni,ហត្ថិនី,1,km,unclassified,approved,
hathoang,ហាត់ហោង,1,km,unclassified,approved,
hathoang,ហ័តហោង,1,km,unclassified,approved,
hatpyeam,ហាត់ព្យាម,1,km,unclassified,approved,
hatpyiem,ហាត់ព្យាម,1,km,unclassified,approved,
hatt,ហាត់,2095,km,unclassified,approved,
hattha,ហត្ថា,38,km,unclassified,approved,
hatthabas,ហត្ថបាស,1,km,unclassified,approved,
hatthakamm,ហត្ថកម្ម,8,km,unclassified,approved,
hatthalekha,ហត្ថលេខា,9,km,unclassified,approved,
hatthar,ហត្ថ,279,km,unclassified,approved,
hatthebal,ហត្ថិបាល,1,km,unclassified,approved,
hatthei,ហត្ថី,1,km,unclassified,approved,
hatthekobakak,ហត្ថិគោបក,1,km,unclassified,approved,
hatthekobakk,ហត្ថិគោបក,1,km,unclassified,approved,
hatthekobeka,ហត្ថិគោបិកា,1,km,unclassified,approved,
hatthekobokk,ហត្ថិគោបក,1,km,unclassified,approved,
hatthekoubak,ហត្ថិគោបក,1,km,unclassified,approved,
hatthekoubakak,ហត្ថិគោបក,1,km,unclassified,approved,
hatthekoubeka,ហត្ថិគោបិកា,1,km,unclassified,approved,
hattheling,ហត្ថិលិង្គ,1,km,unclassified,approved,
hatthelirng,ហត្ថិលិង្គ,1,km,unclassified,approved,
hatthemearok,ហត្ថិមារក,1,km,unclassified,approved,
hatthemearuk,ហត្ថិមារក,1,km,unclassified,approved,
hattheni,ហត្ថិនី,1,km,unclassified,approved,
hau,ហ៊ោ,38,km,unclassified,approved,
hau,ហ៊ៅ,1,km,unclassified,approved,
hav,ហាវ,636,km,unclassified,approved,
hav,ហៅ,1822,km,unclassified,approved,
hav,ហ័វ,1,km,unclassified,approved,
havhan,ហៅហាន,1,km,unclassified,approved,
havis,ហវិស,1,km,unclassified,approved,
hay,ហៃ,165,km,unclassified,approved,
haya,ហយា,1,km,unclassified,approved,
hayak,ហយា,1,km,unclassified,approved,
hayak,ហយៈ,1,km,unclassified,approved,
hayana,ហាយន,1,km,unclassified,approved,
hayana,ហាយនៈ,1,km,unclassified,approved,
hayea,ហយា,1,km,unclassified,approved,
hayeak,ហយៈ,1,km,unclassified,approved,
hayer,ហៃអើ,1,km,unclassified,approved,
hayin,ហយិន,1,km,unclassified,approved,
hayirk,ហៃរិក,1,km,unclassified,approved,
haymakpor,ហៃមពណ៌,1,km,unclassified,approved,
haymakvatei,ហៃមវតី,1,km,unclassified,approved,
haymakvatey,ហៃមវតី,1,km,unclassified,approved,
haymakvotei,ហៃមវតី,1,km,unclassified,approved,
haymakvotey,ហៃមវតី,1,km,unclassified,approved,
haymopor,ហៃមពណ៌,1,km,unclassified,approved,
haymovatei,ហៃមវតី,1,km,unclassified,approved,
haymovatey,ហៃមវតី,1,km,unclassified,approved,
haymovotei,ហៃមវតី,1,km,unclassified,approved,
haymovotey,ហៃមវតី,1,km,unclassified,approved,
haynam,ហៃណាំ,1,km,unclassified,approved,
hayon,ហាយន,1,km,unclassified,approved,
hayona,ហាយនៈ,1,km,unclassified,approved,
hayonak,ហាយនៈ,1,km,unclassified,approved,
hayoneak,ហាយនៈ,1,km,unclassified,approved,
hayou,ហយោ,1,km,unclassified,approved,
haysan,ហៃសាន,1,km,unclassified,approved,
he,ហេ,345,km,unclassified,approved,
he,ហែ,186,km,unclassified,approved,
he,ហ៊ែ,1,km,unclassified,approved,
he,ហ៊‌ិ,1,km,unclassified,approved,
he,ហ៊‌ី,1,km,unclassified,approved,
hea,ហៀ,2,km,unclassified,approved,
hea,ហៀរ,102,km,unclassified,approved,
heabneung,ហៀបនឹង,1,km,unclassified,approved,
heabnirng,ហៀបនឹង,1,km,unclassified,approved,
heabnueng,ហៀបនឹង,1,km,unclassified,approved,
heak,ហេៈ,1,km,unclassified,approved,
hean,ហៀន,1,km,unclassified,approved,
hean,ហ៊ាន,880,km,unclassified,approved,
heav,ហៀវ,1,km,unclassified,approved,
heavhaoh,ហៀវហោះ,1,km,unclassified,approved,
heavhoah,ហៀវហោះ,1,km,unclassified,approved,
heavhoh,ហៀវហោះ,1,km,unclassified,approved,
heb,ហិប,4,km,unclassified,approved,
heb,ហែប,1,km,unclassified,approved,
hebheb,ហេបៗ,1,km,unclassified,approved,
hech,ហិច,20,km,unclassified,approved,
hedtaemak,ហេដ្ឋិម,1,km,unclassified,approved,
hedtemak,ហេដ្ឋិម,1,km,unclassified,approved,
hedthaemak,ហេដ្ឋិម,1,km,unclassified,approved,
hedthemak,ហេដ្ឋិម,1,km,unclassified,approved,
heh,ហេៈហ៏,1,km,unclassified,approved,
heh,ហែៈហ៏,1,km,unclassified,approved,
heh,ហ៊ែះ,1,km,unclassified,approved,
heh,ហ៊‌ិះ,1,km,unclassified,approved,
heha,ហេហា,1,km,unclassified,approved,
hehai,ហែហៃ,1,km,unclassified,approved,
hehay,ហែហៃ,1,km,unclassified,approved,
hehe,ហេះៗ,1,km,unclassified,approved,
hehom,ហែហម,1,km,unclassified,approved,
hehorm,ហែហម,1,km,unclassified,approved,
hehouch,ហែហួច,1,km,unclassified,approved,
hehuoch,ហែហួច,1,km,unclassified,approved,
hei,ហ៊‌ី,1,km,unclassified,approved,
heibneung,ហៀបនឹង,1,km,unclassified,approved,
heibnirng,ហៀបនឹង,1,km,unclassified,approved,
heibnueng,ហៀបនឹង,1,km,unclassified,approved,
hein,ហីន,1,km,unclassified,approved,
heing,ហ៊‌ីង,1,km,unclassified,approved,
heinghang,ហ៊‌ីងហ៊ាង,1,km,unclassified,approved,
heingheang,ហ៊‌ីងហ៊ាង,1,km,unclassified,approved,
heinghieng,ហ៊‌ីងហ៊ាង,1,km,unclassified,approved,
heinoyean,ហីនយាន,1,km,unclassified,approved,
heinoyien,ហីនយាន,1,km,unclassified,approved,
heirak,ហីរ,1,km,unclassified,approved,
heiv,ហៀវ,1,km,unclassified,approved,
heivhaoh,ហៀវហោះ,1,km,unclassified,approved,
heivhoah,ហៀវហោះ,1,km,unclassified,approved,
heivhoh,ហៀវហោះ,1,km,unclassified,approved,
hek,ហែក,90,km,unclassified,approved,
hekran,ហិរណ្យ,1,km,unclassified,approved,
hekranh,ហិរញ្ញ,792,km,unclassified,approved,
hekranhvathuk,ហិរញ្ញវត្ថុ,26,km,unclassified,approved,
hekrotapak,ហិរោត្តប្បៈ,1,km,unclassified,approved,
hekroutapak,ហិរោត្តប្បៈ,1,km,unclassified,approved,
hel,ហិល,3,km,unclassified,approved,
helhal,ហេលហាល,1,km,unclassified,approved,
helhal,ហែលហល,1,km,unclassified,approved,
helhol,ហេលហល,1,km,unclassified,approved,
helhol,ហែលហល,1,km,unclassified,approved,
helhorl,ហេលហល,1,km,unclassified,approved,
hem,ហិម,1,km,unclassified,approved,
hem,ហេម,4,km,unclassified,approved,
hem,ហែម,24,km,unclassified,approved,
hemak,ហិមៈ,1,km,unclassified,approved,
hemakvaon,ហេមវ័ន្ត,1,km,unclassified,approved,
hemakvoan,ហេមវ័ន្ត,1,km,unclassified,approved,
hemakvorn,ហេមវ័ន្ត,1,km,unclassified,approved,
hemapean,ហិមពាន្ត,1,km,unclassified,approved,
hemapien,ហិមពាន្ត,1,km,unclassified,approved,
hematri,ហេមាទ្រិ,1,km,unclassified,approved,
hematry,ហេមាទ្រិ,1,km,unclassified,approved,
hemavaon,ហេមវ័ន្ត,1,km,unclassified,approved,
hemavoan,ហេមវ័ន្ត,1,km,unclassified,approved,
hemavorn,ហេមវ័ន្ត,1,km,unclassified,approved,
hembopean,ហេម្បូពាន្ត,1,km,unclassified,approved,
hembopien,ហេម្បូពាន្ត,1,km,unclassified,approved,
hembupean,ហេម្បូពាន្ត,1,km,unclassified,approved,
hembupien,ហេម្បូពាន្ត,1,km,unclassified,approved,
hemea,ហិមា,9,km,unclassified,approved,
hemeak,ហិមៈ,1,km,unclassified,approved,
hemealai,ហិមាល័យ,1,km,unclassified,approved,
hemealay,ហិមាល័យ,1,km,unclassified,approved,
hemealey,ហិមាល័យ,1,km,unclassified,approved,
hemeatri,ហេមាទ្រិ,1,km,unclassified,approved,
hemeatry,ហេមាទ្រិ,1,km,unclassified,approved,
hemia,ហិមា,9,km,unclassified,approved,
hemie,ហិមា,9,km,unclassified,approved,
hemon,ហេមន្ត,1,km,unclassified,approved,
hemovoat,ហិមវ័ត,1,km,unclassified,approved,
hemovort,ហិមវ័ត,1,km,unclassified,approved,
hempean,ហិមពាន្ត,1,km,unclassified,approved,
hempean,ហេមពាន្ត,1,km,unclassified,approved,
hempein,ហេមពាន្ត,1,km,unclassified,approved,
hempien,ហេមពាន្ត,1,km,unclassified,approved,
hemvaon,ហេមវ័ន្ត,1,km,unclassified,approved,
hemvaot,ហេមវ័ត,1,km,unclassified,approved,
hemvatei,ហេមវតី,1,km,unclassified,approved,
hemvatey,ហេមវតី,1,km,unclassified,approved,
hemvoan,ហេមវ័ន្ត,1,km,unclassified,approved,
hemvoat,ហិមវ័ត,1,km,unclassified,approved,
hemvoat,ហេមវ័ត,1,km,unclassified,approved,
hemvorn,ហេមវ័ន្ត,1,km,unclassified,approved,
hemvort,ហិមវ័ត,1,km,unclassified,approved,
hemvort,ហេមវ័ត,1,km,unclassified,approved,
hemvotei,ហេមវតី,1,km,unclassified,approved,
hemvotey,ហេមវតី,1,km,unclassified,approved,
hen,ហិន,7,km,unclassified,approved,
hendek,ហិណ្ឌិក,1,km,unclassified,approved,
hendirk,ហិណ្ឌិក,1,km,unclassified,approved,
hendou,ហិណ្ឌូ,14,km,unclassified,approved,
hendu,ហិណ្ឌូ,14,km,unclassified,approved,
heng,ហេង,421,km,unclassified,approved,
heng,ហែក,90,km,unclassified,approved,
henghang,ហេងហាង,1,km,unclassified,approved,
hengku,ហិង្គុ,1,km,unclassified,approved,
hengkul,ហិង្គុល,1,km,unclassified,approved,
hengsa,ហិង្សា,232,km,unclassified,approved,
henh,ហិញ,1,km,unclassified,approved,
henh,ហេញ,1,km,unclassified,approved,
henhon,ហិនហុន,1,km,unclassified,approved,
henhun,ហិនហុន,1,km,unclassified,approved,
her,ហើរ,420,km,unclassified,approved,
heran,ហិរណ្យ,1,km,unclassified,approved,
heranh,ហិរញ្ញ,792,km,unclassified,approved,
heranhnheuk,ហេរញ្ញិក,1,km,unclassified,approved,
heranhnhika,ហេរញ្ញិកា,1,km,unclassified,approved,
heranhnhirk,ហេរញ្ញិក,1,km,unclassified,approved,
heranhnhuek,ហេរញ្ញិក,1,km,unclassified,approved,
heranhvathok,ហិរញ្ញវត្ថុ,26,km,unclassified,approved,
herb,ហឹប,3,km,unclassified,approved,
herb,ហើប,1,km,unclassified,approved,
heri,ហិរិ,1,km,unclassified,approved,
herik,ហេរិក,1,km,unclassified,approved,
herika,ហេរិកា,1,km,unclassified,approved,
herm,ហើម,248,km,unclassified,approved,
hermsrok,ហើមស្រក,1,km,unclassified,approved,
hermsrork,ហើមស្រក,1,km,unclassified,approved,
herotapak,ហិរោត្តប្បៈ,1,km,unclassified,approved,
heroutapak,ហិរោត្តប្បៈ,1,km,unclassified,approved,
hert,ហឺត,85,km,unclassified,approved,
hery,ហើយ,40249,km,unclassified,approved,
hery,ហ៊ើយ,1,km,unclassified,approved,
het,ហិត,27,km,unclassified,approved,
het,ហេតុ,6408,km,unclassified,approved,
heta,ហិតា,15,km,unclassified,approved,
hetbachchai,ហេតុបច្ច័យ,1,km,unclassified,approved,
hetbachjai,ហេតុបច្ច័យ,1,km,unclassified,approved,
hetbajchai,ហេតុបច្ច័យ,1,km,unclassified,approved,
hetbajjai,ហេតុបច្ច័យ,1,km,unclassified,approved,
hetbranei,ហិតប្រណី,1,km,unclassified,approved,
hetbraney,ហិតប្រណី,1,km,unclassified,approved,
hetbronei,ហិតប្រណី,1,km,unclassified,approved,
hetbroney,ហិតប្រណី,1,km,unclassified,approved,
hetka,ហេតុការណ៍,870,km,unclassified,approved,
hetpachchai,ហេតុបច្ច័យ,1,km,unclassified,approved,
hetpachjai,ហេតុបច្ច័យ,1,km,unclassified,approved,
hetpajchai,ហេតុបច្ច័យ,1,km,unclassified,approved,
hetpajjai,ហេតុបច្ច័យ,1,km,unclassified,approved,
hetphet,ហេតុភេទ,1,km,unclassified,approved,
hetrok,ហិតរោគ,1,km,unclassified,approved,
hetrouk,ហិតរោគ,1,km,unclassified,approved,
heu,ហឺ,11,km,unclassified,approved,
heu,ហ៊ឺ,1,km,unclassified,approved,
heu,ហ៊‌ិ,1,km,unclassified,approved,
heuak,ហ៊ឺៈ,1,km,unclassified,approved,
heub,ហិប,4,km,unclassified,approved,
heub,ហឹប,3,km,unclassified,approved,
heub,ហឺប,1,km,unclassified,approved,
heub,ហើប,1,km,unclassified,approved,
heub,ហ៊‌ឹប,1,km,unclassified,approved,
heuha,ហ៊ឺហា,1,km,unclassified,approved,
heuk,ហ៊ឹក,1,km,unclassified,approved,
heukhakk,ហ៊ឹកហ៊ាក់,1,km,unclassified,approved,
heul,ហិល,3,km,unclassified,approved,
heul,ហឹរ,77,km,unclassified,approved,
heum,ហិម,1,km,unclassified,approved,
heum,ហើម,248,km,unclassified,approved,
heum,ហ៊ឹមៗ,1,km,unclassified,approved,
heumak,ហិមៈ,1,km,unclassified,approved,
heumapean,ហិមពាន្ត,1,km,unclassified,approved,
heumapien,ហិមពាន្ត,1,km,unclassified,approved,
