text,relation
ក,[k]
ខ,[k,h]
គ,[g,k]
ឃ,[g,k,h]
្ឃ,[g,k,h]
ង,[n,g]
ង៉,[n,g]
ច,[c,j,h]
ឆ,[c,j,h]
ជ,[c,j,h]
ឈ,[c,j,h]
្ឈ,[c,j,h]
ញ,[n,h]
ញ៉,[n,h]
ដ,[d]
ឋ,[d,t,h]
ឌ,[d]
ឍ,[d,t,h]
្ឍ,[d,t,h]
ណ,[n]
ត,[t,d]
ថ,[t,h]
ទ,[t]
ធ,[t,h]
ន,[n]
ប,[b,p]
ប៉,[b,p]
្ប,[b,p]
ផ,[b,p,h]
ព,[p]
ភ,[p,h]
ម,[m]
យ,[y]
យ៉,[y]
្យ,[y]
រ,[r]
្រ,[r]
ល,[l]
វ,[v]
ស,[s]
្ឞ,[s]
ឝ,[s]
ឞ,[s]
ស៊,[s]
្ស,[s]
ហ,[h]
ហ៊,[h]
ឡ,[l]
អ,[a,e,i,o,u]
អ៊,[a,e,i,o,u]
ហ្គ,[h,g,k]
ហ្គ៊,[h,g,k]
ហ្ន,[h,n]
ហ្ម,[h,m]
ហ្ល,[h,l]
ហ្វ,[h,v]
ហ្វ៊,[h,v]
ហ្ស,[h,s]
ហ្ស៊,[h,s]
ា,[a,o,ea]
ិ,[e,i,y]
ី,[e,i]
ឹ,[e,u,o,r,i]
ឺ,[e,u,o,r,i]
ុ,[o,u]
ូ,[o,u,a]
ួ,[o,u,r]
ើ,[o,e,r,u]
ឿ,[o,e,u,r]
ៀ,[i,e,a]
េ,[e]
ែ,[a,e]
ៃ,[a,i,e]
ោ,[a,o,u]
ៅ,[a,v,o]
 ុំ,[o,u,m,n,g]
ំ,[o,a,u,m,n,g]
ាំ,[a,m,n,g]
ះ,[a,h,s]
ិះ,[i,e,h,s]
ុះ,[o,u,h,s]
េះ,[e,h,s]
ោះ,[o,r,h,s]
ឥ,[i,e]
ឦ,[i,e]
ឧ,[u,o]
ឨ,[u,o]
ឩ,[u,o]
ឪ,[u,o]
ឫ,[r]
ឬ,[r]
ឭ,[l]
ឮ,[l]
ឯ,[a,e,ae]
ឰ,[a,i]
ឱ,[o,y,a,ao,or]
ឲ,[o,y,a]
ឳ,[a,o,u]
ៈ,[a]
៉,[g,b,n,m,y,r,p,h]
៊,[b,s,h,a,e,i,o,u]
ុ,[o,u]
់,[k,n,g,c,j,d,b,m,l,s,h]
៌,[t,n,p,m,y,g,k,r]
៍,[k,t,n]
៎,[a,k]
៏,[k,n]
័,[n,s,m,l,n,g,p,h,t,v,b,c]
៑,[a,v]
៛,[a]
រ,[a]
។,[a]
៘,[a,l]
ៗ,[a]
៕,[a,"]
៙,[a]
៖,[a]
